ID FORNECEDOR,NOME FORNECEDOR,DATA CADASTRO
F100,Eletrônicos Nacional Ltda,1/15/2020
F105,TecnoImport S.A.,3/22/2019
F110,Móveis Premium Indústria,11/8/2018
F115,DecoraHome Comércio,5/30/2021
F120,EletroDom Distribuidora,7/14/2019
F125,Ferramentas Gerais & Cia,9/3/2020
F130,Acessórios Digital Ltda,2/19/2022
F135,Livros Técnicos Editora,4/27/2018
F136,Papelaria Criativa S.A.,12/11/2021
F140,Gadgets Internacionais,10/5/2020
F145,Atacado dos Eletrônicos,6/23/2019
F150,Fornecedor Universal,8/17/2021